lemma_kek,countability_kek,gloss_en,gloss_en_f,countability_en,gloss_es,gloss_es_f,gender_es,countability_es,class,loan,notes,p_weight,p_debug_percent
polem,count,abandoned house,,count,casa abandonada,,f,count,building,False,,7025.328989730514,1.6817029617056456
aj ajlanel,count,accountant,,count,contador,contadora,m,count,occupation,False,,443.2682923460091,0.1061082834922272
saaj poyanam,count,adolescent,,count,adolescente,,m,count,human,False,,691.8309709189363,0.1656084995442607
saaj al,count,adolescent boy,,count,niño adolescente,,m,count,human,False,,2796.8338463090777,0.6694980077960717
saaj ixqa'al,count,adolescent girl,,count,niña adolescente,,f,count,human,False,,3860.705432153811,0.9241645151446762
nimla poyanam,count,adult,,count,adulto,adulta,m,count,human,False,,1584.8931924611124,0.37938715462935324
ik'e,count,agave plant,,count,maguey,,m,count,plant,False,,1819.7008586099826,0.4355947355370898
lotz,mass,agua ardiente,,mass,agua ardiente,,f,mass,beverage,False,a distilled alcoholic spirit,4570.881896148751,1.0941645058326206
ha' na'kaltesin,mass,alcohol,,mass,alcohol,,m,mass,beverage,False,alcohol (beverage),1183.949922229303,0.2834105126798571
ahin,count,alligator,,count,lagarto,,m,count,animal_wild,False,,179.1980722375334,0.04289591693916701
artal,count,altar,,count,altar,,m,count,artifact,True,,493.55247413948064,0.1181451656898636
sank,count,ant,,count,hormiga,,f,count,insect,False,,374.3978389823811,0.08962227329043784
tz'uq'tz'un,count,anteater,,count,tamandúa,,f,count,animal_wild,False,,33.11311214825909,0.00792652114262831
misik,count,antenna,,count,antena,,f,count,body_part,False,insect antenna,392.0426655270152,0.09384604090363709
yupus,count,anus,,count,ano,,m,count,body_part,False,,357.5471604506213,0.0855886065347551
aj yoob'ahom kab'l,count,architect,,count,arquitecto,arquitecta,m,count,occupation,False,,524.8074602497728,0.1256268939885071
tel,count,arm,,count,brazo,,m,count,body_part,False,,1423.420883864343,0.3407343797916796
ib'oy,count,armadillo,,count,cusuco,,m,count,animal_wild,False,from Nahuatl,63.09573444801933,0.015103674667383406
seel xul,count,armadillo,,count,cusuco,,m,count,animal_wild,False,from Nahuatl,63.09573444801933,0.015103674667383406
aj yoob'anel,count,artist,,count,artista,,m,count,occupation,False,,1584.8931924611124,0.37938715462935324
ch'amb'ul,mass,atol xuco,,mass,atol xuco,,m,mass,beverage,False,"a corn-based drink, thick and usually containing, salt, chili pepper, and black bean",21.544346900318832,0.00515722353262631
aj nawol chaq'rab',count,attorney,,count,abogado,abogada,m,count,occupation,False,,1513.5612484362073,0.3623119199028005
ikan na',count,aunt,,count,tía,,f,count,kinship,False,,794.3282347242813,0.19014399850240782
o,count,avocado,,count,aguacate,,m,count,fruit,False,,232.63050671536263,0.0556864187710186
maal,count,axe,,count,hacha,,f,count,tool,False,,336.2533862951628,0.08049136438204287
k'uula'al,count,baby,,count,bebé,,m,count,human,False,,3211.1949093648204,0.7686865622360073
ix,count,back,,count,espalda,,f,count,body_part,False,,10633.265716371605,2.5453604342180665
xalb'ek,count,bag,,count,bolsa,,f,count,container,False,,1560.7499630921113,0.37360781811794735
simb',mass,bamboo,,mass,bambú,,m,mass,plant,False,,271.2272579332027,0.06492559759526145
tul,count,banana,,count,plátano,,m,count,fruit,False,,464.15888336127773,0.111109012829389
yach’,count,band,,count,banda,,f,count,,False,a band to tie with,2121.6154368926846,0.5078661752408136
aj b'esol ismal,count,barber,,count,peluquero,peluquera,m,count,occupation,False,,346.73685045253166,0.08300086575175145
kachuuch',count,baseball cap,,count,gorra,,f,count,clothing,False,,1063.3265716371616,0.2545360434218069
chakach,count,basket,,count,canasta,,f,count,container,False,,516.8128856326035,0.12371317580805984
ch'ok'oj,count,bat,,count,murciélago,,m,count,animal_wild,False,,735.6422544596413,0.1760959180543732
sotz',count,bat,,count,murciélago,,m,count,animal_wild,False,,735.6422544596413,0.1760959180543732
tz'amb'a,count,beam,,count,viga,,f,count,wood,False,wooden beam,575.4399373371566,0.13774715010758926
k'ab'el,mass,bean soup,,mass,sopa de frijoles,,f,mass,food,False,,584.3414133735181,0.1398779597302821
xut',count,bean tamale,,count,tamalito de frijol,,m,count,food,False,,450.12520620613367,0.10774967172665555
t'uy,count,beanie,,count,gorro,,m,count,clothing,False,knit cap,243.59404472920272,0.05831083883385107
tz'uq'tz'un,count,bear,,count,oso,,m,count,animal_wild,False,,1380.3842646028852,0.3304323981792045
ch'aat,count,bed,,count,cama,,f,count,furniture,False,"From: S. Steward, Q'eqchi' Grammar",2398.8329190194922,0.5742256954014655
xtib'el wakax,mass,beef,,mass,res,,m,mass,food,False,,724.4359600749899,0.1734133876726698
taxanx,mass,beef jerky,,mass,carne seca,,f,mass,food,False,,1659.5869074375614,0.3972671203761972
k'ap,count,beehive,,count,colmena,,f,count,place,False,,149.0504643386196,0.035679269638228484
aj ch'uk,count,beggar,,count,mendigo,mendiga,m,count,human,False,,165.95869074375614,0.039726712037619724
sa',count,belly,,count,panza,,f,count,body_part,False,,541.1695265464632,0.12954359815865923
tokan,count,berry,,count,mora,,f,count,fruit,,,516.8128856326035,0.12371317580805984
b'aqlaq ch'iich',count,bicycle,,count,bicicleta,,f,count,vehicle,False,,747.0218989273312,0.1788199444782525
k'atk'al,count,big cornfield,,count,milpa grande,,f,count,place,False,,6025.595860743575,1.4423897329030926
tz'ik,count,bird,,count,ave,,m,count,animal_wild,False,,1220.8622540590707,0.29224648005623516
kaxpo'ot,count,blouse,,count,blusa,,f,count,clothing,False,blouse (non-traditional),225.59700688435748,0.05400275989692917
po'ot,count,blouse,,count,blusa,,f,count,clothing,False,blouse (traditional),225.59700688435748,0.05400275989692917
keji xul,count,boa constrictor,,count,boa constrictor,,f,count,animal_wild,False,,131.82567385564073,0.03155604904424233
ch'o hix,count,bobcat,,count,gato montés,,m,count,animal_wild,False,,1202.2644346174131,0.287794587755957
k'uuleb'aal tasal hu,count,bookshelf,,count,librero,,m,count,furniture,False,,88.44365191385994,0.02117138593580752
meet,count,bottle,,count,botella,,f,count,container,False,,1113.439609062362,0.26653195757489745
saaj al,count,boy,,count,niño,,m,count,human,False,,2796.8338463090777,0.6694980077960717
ulul,count,brain,,count,cerebro,,m,count,body_part,False,,1964.867789993468,0.4703443762736573
kaxlan wa,count,bread,,count,pan,,m,count,food,False,,1634.3058427231376,0.39121541212631084
ch'oolok,count,breastbone,,count,esternón,,m,count,body_part,False,,65.06288748655574,0.015574566079852597
mesleb',count,broom,,count,escoba,,f,count,tool,False,,193.49362753909523,0.04631794567618499
as,count,brother,,count,hermano,,m,count,kinship,False,,2550.742783711359,0.6105894400372047
b'alk,count,brother-in-law,,count,cuñado,,m,count,kinship,False,,1995.262314968881,0.4776201298711765
yak,count,bush cat,,count,tigrillo,,m,count,animal_wild,False,,1536.9745159352724,0.3679165202501921
aj ka'y tib',count,butcher,,count,carnicero,carnicera,m,count,occupation,False,,316.22776601683796,0.07569768924152202
peepem,count,butterfly,,count,mariposa,,f,count,insect,False,,416.8693834703355,0.09978898893578526
pompori,count,butterfly,,count,mariposa,,f,count,insect,False,a white butterfly,416.8693834703355,0.09978898893578526
kaxlan iswa,count,cake,,count,pastel,,m,count,food,False,,1047.1285480508996,0.2506586073218586
su oq,count,calf,,count,pantorrilla,,m,count,body_part,False,leg calf,297.39477452346046,0.07118950213477059
aj iiqanel,count,cargo loader,,count,camaronero,camaronera,m,count,occupation,False,,621.3457517480758,0.14873595136760168
aj pech'ol che',count,carpenter,,count,carpintero,carpintera,m,count,occupation,False,,346.73685045253166,0.08300086575175145
q'anxe',count,carrot,,count,zanahoria,,f,count,vegetable,False,,259.02002045313253,0.06200346434648592
mes,count,cat,,count,gato,,m,count,animal_domesticated,False,,1536.9745159352724,0.3679165202501921
motzo',count,caterpillar,,count,oruga,,f,count,insect,False,"From: S. Steward, Q'eqchi' Grammar",179.1980722375334,0.04289591693916701
b'oxcar,count,catfish,,count,bagre,,m,count,animal_wild,False,,171.1328304161781,0.04096528264749581
ochoch pek,count,cave,,count,cueva,,f,count,place,False,,630.9573444801937,0.15103674667383418
siwan,count,cavern,,count,cueva,,f,count,place,False,cavern in the ground,584.3414133735181,0.1398779597302821
inup,count,ceiba tree,,count,ceiba,,f,count,plant,False,"From: S. Steward, Q'eqchi' Grammar",1711.3283041617792,0.40965282647495765
patal,count,centipede,,count,ciempiés,,m,count,insect,False,,72.44359600749902,0.01734133876726699
tem,count,chair,,count,silla,,f,count,furniture,False,,1338.648842069994,0.3204418932812564
ch'ima,count,chayote,,count,guisqul,,m,count,vegetable,False,,10.0,0.0023937711161483334
aj k'uub'ahom tzakahemq,count,chef,,count,chef,,m,count,occupation,False,,660.6934480075964,0.1581548892469035
q'oq',count,chilacayote,,count,chilacayote,,m,count,vegetable,False,,10.0,0.0023937711161483334
kach'in,count,child,,count,niño,niña,m,count,human,False,,3414.5488738336007,0.8173648468859693
ik,count,chili pepper,,count,chile,,m,count,vegetable,False,,3019.9517204020162,0.7229073200460815
kakaw,mass,chocolate,,mass,chocolate,,m,mass,food,False,,984.7666521101588,0.23573059679673924
asij,count,cigarette,,count,cigarillo,,m,count,artifact,True,,508.94009515180886,0.12182860996241845
t'ikr,mass,clothes,,plural,ropa,,f,mass,clothing,False,,2057.4691560478377,0.4925110238113402
aj yiib'ahom xab',count,cobbler,,count,zapatero,zapatera,m,count,occupation,False,,331.1311214825911,0.07926521142628315
paachach,count,cockroach,,count,cucaracha,,f,count,insect,False,,176.46828566194998,0.0422424685133789
kape',mass,coffee,,mass,café,,m,mass,beverage,False,coffee (beverage),1737.8008287493763,0.4159897429478894
xiab',count,comb,,count,peine,,m,count,tool,False,,222.16040919558117,0.05318011706840768
aj yiib'ahom ululch'iich',count,computer technician,,count,técnico de computadoras,técnica de computadoras,m,count,occupation,False,,2057.4691560478377,0.4925110238113402
aj k'uub'anel,count,cook,,count,cocinero,cocinera,m,count,occupation,False,,1258.9254117941675,0.30135792881380247
ixam,mass,corn,,mass,maíz,,m,mass,plant,False,,640.7176188675537,0.15337313296524865
b'aqlaq,count,corn cob,,count,olote,,f,mass,corn,False,,621.3457517480758,0.14873595136760168
q'em ha',count,corn drink,,count,agua de masa,,f,count,beverage,False,,4570.881896148751,1.0941645058326206
poch,count,corn tamele,,count,tamalito de masa,,m,count,food,False,,1220.8622540590707,0.29224648005623516
k'al,count,cornfield,,count,milpa,,f,count,place,False,,61.18805757518222,0.014647020487669244
tuxil noq’,mass,cotton,,mass,algodón,,m,mass,material,False,,794.3282347242813,0.19014399850240782
arinil,count,countryman,,count,paisano,,m,count,human,False,,176.46828566194998,0.0422424685133789
aj tz'iib'anel,count,court reporter,,count,escribano,escribana,m,count,occupation,False,,4042.6548736234454,0.9677190469036095
wakax,count,cow,,count,vaca,,f,count,animal_domesticated,False,,584.3414133735181,0.1398779597302821
yakl,count,coyote,,count,coyote,,m,count,animal_wild,False,,173.78008287493745,0.04159897429478889
tap,count,crab,,count,cangrejo,,m,count,animal_wild,False,"From: S. Steward, Q'eqchi' Grammar",321.11949093648207,0.07686865622360073
xala’ha’,count,crossing,,count,vado,,m,count,place,False,water crossing,770.3120057972146,0.184395062989966
ch'erok,count,crow,,count,cuervo,,m,count,animal_wild,False,,341.4548873833601,0.08173648468859693
ixqa'al,count,daughter,,count,hija,,f,count,kinship,False,,2398.8329190194922,0.5742256954014655
alib',count,daughter-in-law,,count,nuera,,f,count,kinship,False,,1905.4607179632462,0.45612368296156847
kej,count,deer,,count,venado,,m,count,animal_wild,False,,558.0417174769964,0.13358241449022426
aj yiib'ahom ruch e'ej,count,dentist,,count,dentista,,m,count,occupation,False,,374.3978389823811,0.08962227329043784
chaqi ch'och',count,desert,,count,desierto,,m,count,place,False,,857.6958985908946,0.20531276684857733
ajom,count,desire,,count,deseo,,m,count,emotion,False,,1876.4341719560857,0.4491753922182193
meex,count,desk,,count,escritorio,,m,count,furniture,False,,898.1178609606941,0.21498885944646345
wa'leb'aal,count,dining room,,count,comedor de casa,,m,count,place,False,,7025.328989730514,1.6817029617056456
aj ch'ajol sek',count,dishwasher,,count,lavaplatos,,m,count,occupation,False,person who washes dishes,156.07499630921114,0.03736078181179474
aj b'anonel,count,doctor,,count,doctor,doctora,m,count,occupation,False,,1876.4341719560857,0.4491753922182193
tz'i',count,dog,,count,perro,,m,count,animal_domesticated,False,,2511.88643150958,0.6012881186792541
q'olxul kar,count,dolphin,,count,delfín,,m,count,animal_wild,False,,279.68338463090777,0.06694980077960717
alq',count,domestic animal,,count,animal doméstico,,m,count,animal_domesticated,False,,1609.4098932625345,0.38525589165352275
b'uur,count,donkey,,count,burro,,m,count,animal_domesticated,True,,374.3978389823811,0.08962227329043784
tulux,count,dragonfly,,count,caballito del diablo,,m,count,insect,False,,884.4365191385999,0.21171385935807532
aj ch'e'ol b'eleb'aal ch'iich',count,driver,,count,piloto,pilota,m,count,occupation,False,person who drives a vehicle as a job,1467.799267622069,0.3513575491137387
patux,count,duck,,count,pato,,m,count,animal_domesticated,True,,640.7176188675537,0.15337313296524865
t'iu,count,eagle,,count,águila,,m,count,animal_wild,False,,566.6740605819913,0.13564879984916614
t'iw,count,eagle,,count,águila,,m,count,animal_wild,False,,566.6740605819913,0.13564879984916614
xik,count,ear,,count,oreja,,f,count,body_part,False,,898.1178609606941,0.21498885944646345
aaj,count,ear of corn,,count,mazorca,,f,count,corn,False,,898.1178609606941,0.21498885944646345
k'ux,count,ear of corn,,count,mazorca,,f,count,corn,False,ear of corn,898.1178609606941,0.21498885944646345
k'anti kar,count,eel,,count,anguila,,f,count,animal_wild,False,,142.34208838643414,0.03407343797916792
mol,count,egg,,count,huevo,,m,count,food,False,,1000.0,0.23937711161483333
rit uq',count,elbow,,count,codo,,m,count,body_part,False,,363.0780547701014,0.08691257604159913
cheekel winq,count,elderly man,,count,anciano,,m,count,human,False,,7585.775750291844,1.8158610884627069
cheekel ixq,count,elderly woman,,count,anciana,,f,count,human,False,,3686.9450645195734,0.8825702602272608
kaq ch'ool,mass,envy,,mass,envidia,,f,mass,emotion,False,,516.8128856326035,0.12371317580805984
xnaq' u,count,eye,,count,ojo,,m,count,body_part,False,,2221.6040919558095,0.5318011706840763
xmatzab',count,eyebrow,,count,ceja,,f,count,body_part,False,,202.61270126211434,0.04850084320460403
yuwa,count,father,,count,padre,,m,count,kinship,False,,3743.9783898238143,0.8962227329043791
ab'oon,mass,fertilizer,,mass,fertilizante,,m,mass,substance,True,Loanword; preconsonantal Set A even if vowel-initial.,190.54607179632464,0.04561236829615685
aj chajinel ab'ix,count,field hand,,count,peón de campo,trabajadora del campo,m,count,occupation,False,,4042.6548736234454,0.9677190469036095
ru'uj uq',count,finger,,count,dedo,,m,count,body_part,False,,969.7653591082496,0.2321396306074544
ixki’ij,count,fingernail,,count,uña,,f,count,body_part,False,,218.77616239495518,0.052370005844282086
aj chupul xam,count,firefighter,,count,bombero,bombera,m,count,occupation,False,,179.1980722375334,0.04289591693916701
si',mass,firewood,,mass,leña,,f,mass,wood,False,,374.3978389823811,0.08962227329043784
kar,count,fish,,count,pez,,m,count,animal_wild,False,,1847.8497974222926,0.44233294720500327
xtib'el kar,mass,fish,,mass,pescado,,m,mass,food,False,Fish as food,1847.8497974222926,0.44233294720500327
luchb'ak,count,fish hook,,count,anzuelo,,m,count,tool,False,,1847.8497974222926,0.44233294720500327
aj chapol kar,count,fisher,,count,pescador,pescadora,m,count,occupation,False,,478.630092322638,0.11457308903213412
ch'antun,count,fishnet,,count,red,,m,count,tool,False,,2511.88643150958,0.6012881186792541
uutz'u'uj,count,flower,,count,flor,,f,count,plant,False,,954.992586021436,0.2286033668553916
xol,count,flute,,count,flauta,,f,count,instrument,False,,275.4228703338166,0.06592993117317579
konk,count,fly,,count,mosca,,f,count,insect,False,a biting fly,1467.799267622069,0.3513575491137387
raxyat,count,fly,,count,mosca,,f,count,insect,False,,1467.799267622069,0.3513575491137387
putz'leb',count,food masher,,count,machacador,,m,count,tool,False,,3981.0717055349733,0.9529774460025002
oq,count,foot,,count,pie,,m,count,body_part,False,,1964.867789993468,0.4703443762736573
mu'us,count,foreigner,,count,extranjero,extranjera,m,count,human,False,,1318.2567385564062,0.315560490442423
amoch,count,frog,,count,rana,,f,count,animal_wild,False,,392.0426655270152,0.09384604090363709
pelpel,count,frog,,count,rana,,f,count,animal_wild,False,a type of frog (found in Chulac),392.0426655270152,0.09384604090363709
ru li che',count,fruit,,count,fruta,,f,count,fruit,False,,1113.439609062362,0.26653195757489745
xanxib’ir ,mass,ginger,,mass,jengibre,,m,mass,spice,False,,416.8693834703355,0.09978898893578526
yuk,count,goat,,count,cabra,,f,count,animal_domesticated,False,,478.630092322638,0.11457308903213412
mama'patux,count,goose,,count,ganso,,m,count,animal_domesticated,True,,363.0780547701014,0.08691257604159913
iiman,count,granddaughter,,count,nieta,,f,count,kinship,False,,275.4228703338166,0.06592993117317579
mama',count,grandfather,,count,abuelo,,m,count,kinship,False,,984.7666521101588,0.23573059679673924
ixa'an,count,grandmother,,count,abuela,,f,count,kinship,False,,1183.949922229303,0.2834105126798571
iiman,count,grandson,,count,nieto,,m,count,kinship,False,,819.0932242152977,0.19607217015593903
imam,count,grandson,granddaughter,count,nieto,nieta,m,count,kinship,False,,819.0932242152977,0.19607217015593903
pach'aya',mass,grass,,mass,grama,,f,mass,plant,False,,831.7637711026708,0.19910520907241874
aj sak,count,grasshopper,,count,saltamontes,,m,count,insect,False,,104.71285480508996,0.025065860732185856
chili',count,grasshopper,,count,saltamontes,,m,count,insect,False,,104.71285480508996,0.025065860732185856
xikin mama',count,great-grandfather,,count,bisabuelo,,m,count,kinship,False,,660.6934480075964,0.1581548892469035
xikin xa'an,count,great-grandmother,,count,bisabuela,,f,count,kinship,False,,566.6740605819913,0.13564879984916614
xikin i,count,great-grandson,,count,bisnieto,,m,count,kinship,False,,368.6945064519577,0.08825702602272617
k'aap,count,green bean,,count,ejote,,m,count,vegetable,False,,2630.2679918953813,0.6296259546728643
q'oyaq',count,green onion,,count,cebollín,,m,count,vegetable,False,,2630.2679918953813,0.6296259546728643
pata,count,guanaba fruit,,count,fruta de guanába,,f,count,fruit,False,,1113.439609062362,0.26653195757489745
t'ajleb',count,hammer,,count,martillo,,m,count,tool,False,,593.3805862753281,0.14204173083090446
uq,count,hand,,count,mano,,f,count,body_part,False,,4042.6548736234454,0.9677190469036095
k'ob,count,hat,,count,sombrero,,m,count,clothing,False,,1047.1285480508996,0.2506586073218586
punit,count,hat,,count,sombrero,,m,count,clothing,False,,1047.1285480508996,0.2506586073218586
k'uch,count,hawk,,count,halcón,,m,count,animal_wild,False,,346.73685045253166,0.08300086575175145
ichaj,mass,hay,,mass,heno,,m,mass,substance,False,,404.2654873623445,0.09677190469036094
jolom,count,head,,count,cabeza,,f,count,body_part,False,,4713.389536157405,1.1282775730809387
ch'ool,count,heart,,count,corazón,,f,count,body_part,False,,3467.3685045253133,0.8300086575175136
ch'ub',count,honey bee,,count,abeja,,f,count,insect,False,,819.0932242152977,0.19607217015593903
xok,count,hook,,count,gancho,,m,count,tool,False,,819.0932242152977,0.19607217015593903
xukub',count,horn,,count,cuerno,,m,count,body_part,False,,575.4399373371566,0.13774715010758926
honon,count,hornet,,count,avispa,,f,count,insect,False,,125.89254117941675,0.030135792881380248
tzumuk,count,horse,,count,caballo,,m,count,animal_domesticated,False,,1490.5046433861962,0.3567926963822849
kab'l,count,house,,count,casa,,f,count,building,False,,7025.328989730514,1.6817029617056456
b'atz',count,howler monkey,,count,zaraguate,,m,count,animal_wild,False,,516.8128856326035,0.12371317580805984
b'eelom,count,husband,,count,esposo,,m,count,kinship,False,,2154.4346900318847,0.5157223532626314
papa'ax,count,hut,,count,cabaña,,f,count,building,False,a bamboo hut,363.0780547701014,0.08691257604159913
meqes,count,idiot,,count,idiota,,m,count,human,False,,884.4365191385999,0.21171385935807532
iwaan,count,iguana,,count,iguana,,f,count,animal_wild,False,,120.22644346174131,0.0287794587755957
aj q'axol ch'och',count,immigrant,,count,immigrante,,m,count,human,False,,493.55247413948064,0.1181451656898636
pop,count,imposter,,count,impostor,,m,count,human,False,,106.33265716371616,0.02545360434218069
k'uula'al,count,infant,,count,bebé,,m,count,human,False,,1359.3563908785254,0.3253988065036658
aj jalol aatinob'aal,count,interpreter,,count,intérprete,intérprete,m,count,occupation,False,,357.5471604506213,0.0855886065347551
b'alam,count,jaguar,,count,jaguar,,m,count,animal_wild,False,,218.77616239495518,0.052370005844282086
xkalom,count,jaw,,count,mandíbula,,f,count,body_part,False,,450.12520620613367,0.10774967172665555
kaq ch'ool,plural,jealousy,,plural,celos,,m,plural,emotion,False,,423.3179328088207,0.1013326240505376
aj ch’uch ,count,jokester,,count,bromista,,m,count,human,False,,87.0963589956081,0.020848874848537275
aj raqol aatin,count,judge,,count,juez,jueza,m,count,occupation,False,,1995.262314968881,0.4776201298711765
su,count,jug,,count,tecomate,,m,count,container,False,beverage jug,158.48931924611125,0.03793871546293533
k'uub'leb'aal,count,kitchen,,count,cocina,,f,count,place,False,,1380.3842646028852,0.3304323981792045
setleb',count,knife,,count,cuchillo,,m,count,tool,False,carving knife,870.9635899560806,0.20848874848537263
xaq,count,leaf,,count,hoja,,f,count,plant_part,False,,806.6156921766135,0.19308533457643726
xeel,count,leftovers,,plural,sobras,,f,plural,food,False,,190.54607179632464,0.04561236829615685
a',count,leg,,count,pierna,,f,count,body_part,False,,1278.3997194630244,0.30601963233427204
lamunx,count,lime,,count,lima,,f,count,fruit,False,,1298.175275049849,0.31075344771122465
kaqkoj,count,lion,,count,léon,,m,count,animal_wild,False,,681.2920690579615,0.1630857276571884
ch'och',count,liver,,count,hígado,,m,count,body_part,False,,611.8805757518219,0.14647020487669235
paqmaal,count,lizard,,count,lagarto,,m,count,animal_wild,False,large lizard,263.02679918953817,0.06296259546728644
toolok,count,lizard,,count,lagartija,,f,count,animal_wild,False,small lizard,263.02679918953817,0.06296259546728644
aj t'anol che',count,logger,,count,leñador,leñadora,m,count,occupation,False,,70.25328989730521,0.016817029617056473
junatal,count,lonely person,,count,persona solitaria,,f,count,human,False,,681.2920690579615,0.1630857276571884
miis,count,loquat,,count,nispero,,m,count,fruit,False,,10.63326571637161,0.0025453604342180677
ch'iich',count,machete,,count,machete,,f,count,tool,False,,212.16154368926846,0.050786617524081354
tolich,count,magpie,,count,urraca,,f,count,animal_wild,False,,95.49925860214364,0.02286033668553917
ixim,mass,maize,,count,maíz,,m,count,corn,False,,640.7176188675537,0.15337313296524865
winq,count,man,,count,hombre,,m,count,human,False,adult male,7585.775750291844,1.8158610884627069
poop,count,mat,,count,esterilla,,f,count,artifact,False,a woven mat,363.0780547701014,0.08691257604159913
aj yiib'ahom ch'iich',count,mechanic,,count,mecánico,mecánica,m,count,occupation,False,,443.2682923460091,0.1061082834922272
aj xokonel,count,midwife,,count,partera,partera,f,count,occupation,False,,151.35612484362088,0.03623119199028008
siwan ya',mass,moonshine,,mass,guaro,,m,mass,beverage,False,illegally produced spirit,89.81178609606945,0.021498885944646356
chuke,count,dew,,mass,rocío,,m,count,substance,False,morning dew,336.2533862951628,0.08049136438204287
utz,count,mosquito,,count,mosquito,,m,count,insect,False,,255.07427837113593,0.06105894400372047
k'uxb',mass,moss,,mass,musgo,,m,mass,plant,False,,392.0426655270152,0.09384604090363709
na',count,mother,,count,madre,,f,count,kinship,False,,4298.662347082277,1.0290013764519956
tzimitz ch'iich',count,motorcycle,,count,motocicleta,,f,count,vehicle,False,,516.8128856326035,0.12371317580805984
ch'o,count,mouse,,count,ratón,,m,count,animal_wild,False,,747.0218989273312,0.1788199444782525
misatalp,count,muscle,,count,músculo,,m,count,body_part,False,,912.0108393559105,0.21831452048643762
silip,count,mushroom,,count,hongo,,m,count,plant,False,type of mushroom,263.02679918953817,0.06296259546728644
yachyo,count,naked person,,count,persona desnuda,,f,count,human,False,,898.1178609606941,0.21498885944646345
kux,count,neck,,count,cuello,,m,count,body_part,False,,1220.8622540590707,0.29224648005623516
ikaq',count,nephew,,count,sobrino,,m,count,kinship,False,,541.1695265464632,0.12954359815865923
ich,count,nerve,,count,nervio,,m,count,body_part,False,,621.3457517480758,0.14873595136760168
ikaq',count,niece,,count,sobrina,,f,count,kinship,False,,363.0780547701014,0.08691257604159913
u'uj,count,nose,,count,nariz,,f,count,body_part,False,,1015.4689924330796,0.24308003434305564
aj tenq'ahom b'anonel,count,nurse,,count,enfermero,enfermera,m,count,occupation,False,,857.6958985908946,0.20531276684857733
ji,count,oak,,count,roble,,m,count,plant,False,,611.8805757518219,0.14647020487669235
xa'an,count,old lady,,count,vieja,,f,count,human,False,,6812.920690579615,1.6308572765718838
seb'ooy,count,onion,,count,cebolla,,f,count,vegetable,True,,443.2682923460091,0.1061082834922272
chiin,count,orange,,count,naranja,,f,count,fruit,False,,1202.2644346174131,0.287794587755957
job'aq,count,owl,,count,búho,,m,count,animal_wild,False,,380.1893963205613,0.09100863955780311
waron,count,owl,,count,búho,,m,count,animal_wild,False,,380.1893963205613,0.09100863955780311
b'oyx,count,ox,,count,buey,,m,count,animal_domesticated,False,,205.746915604784,0.049251102381134074
halaw,count,paca,,count,tepezcuintle,,m,count,animal_wild,False,,26.302679918953814,0.006296259546728643
wex,count,pants,,plural,pantalones,,m,plural,clothing,False,,969.7653591082496,0.2321396306074544
puyuch,count,parakeet,,count,perico,,m,count,animal_wild,False,,171.1328304161781,0.04096528264749581
cho' cho,count,parrot,,count,loro,,m,count,animal_wild,False,,229.08676527677724,0.054838128181140235
tolich,count,parrot,,count,loro,,m,count,animal_wild,False,,229.08676527677724,0.054838128181140235
tonq',count,partridge,,count,perdiz,,m,count,animal_wild,False,,135.93563908785256,0.03253988065036659
aaq,count,pig,,count,cerdo,,m,count,animal_domesticated,False,,575.4399373371566,0.13774715010758926
mukuy,count,pigeon,,count,paloma,,f,count,animal_wild,False,,410.51906712730784,0.09826886855175082
kuy,count,piglet,,count,cerdito,,m,count,animal_domesticated,False,,75.85775750291836,0.01815861088462705
aj ch'e'ol so'sol ch'iich',count,pilot,,count,piloto,,m,count,occupation,False,airline pilot,1031.177274593055,0.2468402375549414
chaj,count,pine,,count,pino,,m,count,plant,False,pine tree,541.1695265464632,0.12954359815865923
ch' op,count,pineapple,,count,piña,,f,count,fruit,False,,368.6945064519577,0.08825702602272617
saqi tul,count,plantain,,count,plátano,,m,count,fruit,False,,271.2272579332027,0.06492559759526145
aj k'aak'aalehom tenamit,count,police officer,,count,policía,,m,count,occupation,False,,3575.4716045062128,0.855886065347551
aj k'ix uch,count,porcupine,,count,puerco espín,,m,count,animal_wild,False,,199.52623149688807,0.04776201298711765
xtib'el aaq,mass,pork,,mass,carne del cerdo,,m,mass,food,False,,1659.5869074375614,0.3972671203761972
is,count,potato,,count,papa,,f,count,food,False,,1609.4098932625345,0.38525589165352275
xtib'el kaxlan,mass,poultry,,mass,pollo,,m,mass,food,False,,831.7637711026708,0.19910520907241874
q'uq',count,quetzal,,count,quetzal,,m,count,animal_wild,False,quetzal bird,81.90932242152972,0.01960721701559389
imul,count,rabbit,,count,conejo,,m,count,animal_wild,False,,501.18723362727195,0.11997275236392503
aj ou,count,raccoon,,count,mapache,,m,count,animal_wild,False,,151.35612484362088,0.03623119199028008
tz'amb'a,count,rafter,,count,caballete,,m,count,wood,False,wooden rafter,67.09137099554115,0.016060138603191845
yo ru,mass,rage,,mass,furia,,f,mass,emotion,False,,549.5408738576248,0.13154750709832969
yo ru,mass,rage,,mass,rabia,,f,mass,emotion,False,,691.8309709189363,0.1656084995442607
ch'o,count,rat,,count,rata,,f,count,animal_wild,False,"From: S. Steward, Q'eqchi' Grammar",602.5595860743575,0.14423897329030927
tzojtzoj,count,rattle,,count,sonajero,,m,count,toy,False,,171.1328304161781,0.04096528264749581
aj sik'ol kolb'a'ib',count,refugee,,count,refugiado,refugiada,m,count,human,False,,450.12520620613367,0.10774967172665555
matq’ab',count,ring,,count,anillo,,m,count,artifact,False,,1609.4098932625345,0.38525589165352275
yuq'yuq',count,ripe fruit,,count,fruta madura,,f,count,fruit,False,,1113.439609062362,0.26653195757489745
tzo'xul,count,rooster,,count,gallo,,m,count,animal_domesticated,False,,443.2682923460091,0.1061082834922272
atz'am,mass,salt,,mass,sal,,f,mass,spice,False,,1165.9144011798312,0.279093221744566
q'ol,mass,sap,,mass,savia,,m,mass,substance,False,,251.18864315095797,0.06012881186792541
xer,count,saw,,count,sierra,,f,count,tool,False,,3630.780547701014,0.8691257604159914
poy,count,scarecrow,,count,espantapájaros,,m,count,artifact,False,,114.81536214968828,0.027484169760403444
xb'atalal ja'aj,count,scarf,,count,bufanda,,f,count,clothing,False,,284.00980479142163,0.06798544674126317
ka' lach,plural,scissors,,plural,pequeñas,,f,plural,tool,False,small scissors,1401.7374183467693,0.33554385444628293
lokoch,count,scythe,,count,garabato,,m,count,tool,False,tool to clean weeds,71.34003750712561,0.017077172120949606
naq',count,seed,,count,semilla,,f,count,,False,,819.0932242152977,0.19607217015593903
tzukxul,count,sheep,,count,oveja,,f,count,animal_domesticated,False,,621.3457517480758,0.14873595136760168
pemech,count,shellfish,,count,marisco,,m,count,animal_wild,False,,125.89254117941675,0.030135792881380248
aj ilol tzukxul,count,shepherd,,count,pastor,pastora,m,count,occupation,False,,724.4359600749899,0.1734133876726698
tzelek,count,shin,,count,espinilla,,f,count,body_part,False,,288.40315031266056,0.0690371131024633
kamiis,count,shirt,,count,camisa,,f,count,clothing,True,,1220.8622540590707,0.29224648005623516
tupus roq,count,short person,,count,persona baja,,f,count,human,False,,3575.4716045062128,0.855886065347551
k'ox,count,shrimp,,count,camarón,,f,plural,animal_wild,False,,336.2533862951628,0.08049136438204287
anab',count,sister,,count,hermana,,f,count,kinship,False,,1995.262314968881,0.4776201298711765
ixnam,count,sister-in-law,,count,cuñada,,f,count,kinship,False,,1659.5869074375614,0.3972671203761972
uuq,count,skirt,,count,corte,,m,count,clothing,False,,2290.8676527677726,0.5483812818114023
warak'ix,count,sleepy plant,,count,dormilona,,f,count,plant,False,"mimosa pudica, touch-me-not, shameplant",1819.7008586099826,0.4355947355370898
k'anti',count,snake,,count,serpiente,,f,count,animal_wild,False,"From: S. Steward, Q'eqchi' Grammar",660.6934480075964,0.1581548892469035
k'anti',count,snake,,count,culebra,,f,count,animal_wild,False,"From: S. Steward, Q'eqchi' Grammar",660.6934480075964,0.1581548892469035
aj b'atz'uhom b'olotz oq,count,soccer player,,count,pelotero,pelotera,m,count,occupation,False,,2884.0315031266086,0.6903711310246338
hi',count,son-in-law,,count,yerno,,m,count,kinship,False,,2362.29066263446,0.5654783156161278
jii',count,son-in-law,,count,yerno,,m,count,kinship,False,,2362.29066263446,0.5654783156161278
tz'entz'eu,count,sparrow,,count,gorrión,,m,count,animal_wild,False,,208.92961308540387,0.050012967311188664
tz'unun,count,sparrow,,count,gorrión,,m,count,animal_wild,False,,208.92961308540387,0.050012967311188664
am,count,spider,,count,araña,,f,count,animal_wild,False,,681.2920690579615,0.1630857276571884
max,count,spider monkey,,count,mico araña,,m,count,animal_wild,False,,681.2920690579615,0.1630857276571884
juruch'ej,count,spine,,count,columna vertebral,,f,count,body_part,False,,940.4448517263513,0.2251209722392942
sum,count,spouse,,count,esposo,esposa,m,count,kinship,False,spouse/companion,1000.0,0.23937711161483333
q'um,count,squash,,count,calabaza,,f,count,vegetable,False,,263.02679918953817,0.06296259546728644
kuk,count,squirrel,,count,ardilla,,f,count,animal_wild,False,,288.40315031266056,0.0690371131024633
yok,count,step,,count,paso,,m,count,,False,,3860.705432153811,0.9241645151446762
mertom',count,steward,,count,mayordomo,,m,count,occupation,False,,239.88329190194898,0.05742256954014648
lokoch,count,stick,,count,palo,,m,count,tool,False,stick used to aid in clearing weeds,1490.5046433861962,0.3567926963822849
sa',count,stomach,,count,estómago,,m,count,body_part,False,,884.4365191385999,0.21171385935807532
lob',count,stream,,count,arroyo,,m,count,place,False,stream of water,1202.2644346174131,0.287794587755957
k'an ha,count,swamp,,count,pantano,,m,count,place,False,,363.0780547701014,0.08691257604159913
k'ixt'ikr,count,sweater,,count,suéter,,m,count,clothing,False,knitted garment,331.1311214825911,0.07926521142628315
iswa,count,sweet tamale,,count,tamal dulce,,m,count,food,False,,1876.4341719560857,0.4491753922182193
jax,count,sweetbreads,,plural,mollejas,,f,plural,food,False,,32.11194909364822,0.007686865622360077
meex,count,table,,count,mesa,,f,count,furniture,True,,2326.305067153626,0.556864187710186
mulukut,count,tadpole,,count,renacuajo,,m,count,animal_wild,False,,47.13389536157403,0.011282775730809382
ob'en,count,tamale,,count,tamale,,m,count,food,False,,45.012520620613365,0.010774967172665554
tz'uuj,count,tayuyo,,count,tayuyo,,m,count,food,False,,10.0,0.0023937711161483334
aj k'utunel,count,teacher,,count,professor,professora,m,count,occupation,False,,1791.980722375334,0.42895916939167
halaw,count,tepiscuintle,,count,tepezcuintle,,m,count,animal_wild,False,,10.0,0.0023937711161483334
k'ams,count,termite,,count,termita,,f,count,insect,False,,71.34003750712561,0.017077172120949606
ab'aj,count,testicles,,plural,testículos,,m,plural,body_part,False,,153.6974515935271,0.03679165202501918
hix,count,tiger,,count,tigre,,m,count,animal_wild,False,,735.6422544596413,0.1760959180543732
amoch,count,toad,,count,sapo,,m,count,animal_wild,False,,239.88329190194898,0.05742256954014648
k'oopopo',count,toad,,count,sapo,,m,count,animal_wild,False,"From: S. Steward, Q'eqchi' Grammar",239.88329190194898,0.05742256954014648
pix,count,tomato,,count,tomate,,m,count,vegetable,False,,524.8074602497728,0.1256268939885071
ru'uj aq',count,tongue,,count,lengua,,f,count,body_part,False,,1905.4607179632462,0.45612368296156847
wa,count,tortilla,,count,tortilla,,f,count,food,False,,255.07427837113593,0.06105894400372047
k'orech,count,tostada,,count,tostada,,f,count,food,False,,156.07499630921114,0.03736078181179474
amaq' tenamit,plural,town-folk,,plural,los del pueblo,,m,plural,human,False,,4713.389536157405,1.1282775730809387
aj numel,count,transient,,count,vagabondo,vagabonda,m,count,human,False,,176.46828566194998,0.0422424685133789
aj jalol tz'iib',count,translator,,count,traductor,traductora,m,count,occupation,False,,429.86623470822764,0.10290013764519955
che',count,tree,,count,árbol,,m,count,plant,False,,1711.3283041617792,0.40965282647495765
machak,count,trout,,count,trucha,,f,count,animal_wild,False,,331.1311214825911,0.07926521142628315
ak'ach,count,turkey,,count,pavo,,m,count,animal_wild,False,"From: S. Steward, Q'eqchi' Grammar",1096.478196143184,0.2624717835413981
ak'ach,count,turkey,,count,chompipe,,m,count,animal_wild,False,"From: S. Steward, Q'eqchi' Grammar",1096.478196143184,0.2624717835413981
xtib'el ak'ach,count,turkey meat,,mass,pavo,,m,mass,food,False,,1220.8622540590707,0.29224648005623516
kaq ik,mass,turkey soup,,mass,caldo de chompipe,,m,mass,food,False,,1096.478196143184,0.2624717835413981
kok,count,turtle,,count,tortuga,,f,count,animal_wild,False,,404.2654873623445,0.09677190469036094
yax,count,tweezers,,plural,pinzas,,f,plural,tool,False,,212.16154368926846,0.050786617524081354
ikan,count,uncle,,count,tío,,m,count,kinship,False,,1148.1536214968828,0.27484169760403443
anipor,count,uniform,,count,uniforme,,m,count,clothing,False,,770.3120057972146,0.184395062989966
b'o,count,vagina,,count,vagina,,f,count,body_part,False,,352.10052016845174,0.08428480551600435
b'eeleb'aal ch'iich',count,vehicle,,count,vehículo,,m,count,vehicle,False,"vehicle, general term",1490.5046433861962,0.3567926963822849
k'ila pim,mass,vegetation,,mass,vegetación,,f,count,plant,False,,374.3978389823811,0.08962227329043784
ich,count,vein,,count,venado,,f,count,body_part,False,blood vessel,326.0868859118932,0.07805773688506468
ikb'olay,count,viper,,count,víbora,,f,count,animal_wild,False,,160.94098932625346,0.03852558916535227
k'amb'olay,count,viper,,count,víbora,,f,count,animal_wild,False,,160.94098932625346,0.03852558916535227
so'sol,count,vulture,,count,zopilote,,m,count,animal_wild,False,,131.82567385564073,0.03155604904424233
xala'rit,count,waist,,count,cintura,,f,count,body_part,False,,436.5158322401661,0.1044918990957961
aj q'axtesihom tzazkaemk,count,waiter,waitress,count,mesero,mesera,m,count,occupation,False,restaurant server,255.07427837113593,0.06105894400372047
b'ajlak xul,count,weasel,,count,comadreja,,f,count,animal_wild,False,,133.86488420699928,0.032044189328125604
saqb'in,count,weasel,,count,comadreja,,f,count,animal_wild,False,,133.86488420699928,0.032044189328125604
pim,mass,weeds,,plural,hierbas,,f,count,plant,False,,346.73685045253166,0.08300086575175145
hux,count,whetstone,,count,afilador,,m,count,tool,False,flat stone used for sharpening tools or knives,36.30780547701012,0.008691257604159909
ixaqil,count,wife,,count,esposa,,f,count,kinship,False,,3066.6673307131837,0.7340899679096928
token,count,wild berries,,plural,moras,,f,plural,fruit,False,,1584.8931924611124,0.37938715462935324
chakaw,count,wild boar,,count,jabalí,,m,count,animal_wild,False,,1584.8931924611124,0.37938715462935324
xik',count,wing,,count,ala,,f,count,body_part,False,,1183.949922229303,0.2834105126798571
ixq,count,woman,,count,mujer,,f,count,human,,,5168.128856326035,1.2371317580805983
ixkilal,count,womanizer,,count,mujeriego,,m,count,human,False,,125.89254117941675,0.030135792881380248
b'itz,count,worm,,count,gusano,,m,count,animal_wild,False,a worm with hair,326.0868859118932,0.07805773688506468
yoch,count,wrinkle,,count,arruga,,f,count,,False,,120.22644346174131,0.0287794587755957
tixil chajom,count,young man,,count,muchacho,,m,count,human,False,,7585.775750291844,1.8158610884627069
xerek',count,young man,,count,joven,,m,count,human,False,,7585.775750291844,1.8158610884627069
tz'in,count,yucca,,count,yuca,,f,count,plant,False,,208.92961308540387,0.050012967311188664
saltul,count,zapote,,count,zapote,,m,count,fruit,False,,47.86300923226383,0.011457308903213417
b'onb'il tzimitz,count,zebra,,count,cebra,,f,count,animal_wild,False,,184.78497974222907,0.04423329472050029
